<?xml version="1.0" encoding="UTF-8"?>
<!DOCTYPE bindings PUBLIC "-//NetBeans//DTD Editor KeyBindings settings 1.1//EN" "http://www.netbeans.org/dtds/EditorKeyBindings-1_1.dtd">
<bindings>
    <bind actionName="fast-import" key="SD-M"/>
    <bind actionName="in-place-refactoring" key="SO-R"/>
    <bind actionName="in-place-refactoring" key="D-R"/>
    <bind actionName="select-element-next" key="SO-PERIOD"/>
    <bind actionName="select-element-previous" key="SO-COMMA"/>
    <bind actionName="toggle-comment" key="SD-C"/>
    <bind actionName="toggle-comment" key="D-SLASH"/>
    <bind actionName="toggle-comment" key="SD-7"/>
</bindings>
